age,study_hours,attendance_pct,previous_score,assignments_completed,sleep_hours,internet_quality,passed
21,6.59,65.1,54.0,9,7.86,Average,1
51,5.2,88.5,51.3,5,7.4,Good,1
46,1.29,81.2,88.6,2,6.92,Good,1
36,7.64,82.9,56.0,2,6.33,Good,0
36,4.11,100.0,54.4,4,4.91,Average,1
54,4.27,83.6,67.5,2,7.37,Average,1
21,3.04,85.9,66.8,3,7.2,Average,1
47,4.0,100.0,56.3,2,7.61,Poor,1
26,6.48,75.4,64.0,10,5.53,Average,1
22,5.06,68.4,84.0,2,7.71,Average,1
40,6.26,83.1,57.5,7,9.26,Good,1
59,6.33,83.3,49.9,5,7.09,Poor,1
49,8.54,71.7,80.3,3,6.93,Average,1
50,4.71,65.6,74.4,8,7.34,Average,1
48,2.1,100.0,59.9,10,9.24,Good,1
51,7.95,81.9,47.4,9,5.87,Good,1
40,4.74,69.2,58.3,10,7.22,Average,1
23,8.06,89.0,67.3,7,6.12,Good,1
54,6.38,76.7,83.2,8,6.4,Good,1
37,5.2,75.0,54.5,3,6.95,Poor,1
39,6.3,84.7,66.9,9,8.48,Good,1
33,9.99,62.5,76.8,8,8.98,Good,1
25,10.28,82.2,37.0,4,7.49,Good,1
57,5.66,100.0,81.4,5,6.59,Good,1
51,5.87,83.6,52.6,7,9.74,Average,1
45,7.98,73.5,72.3,2,6.53,Poor,1
35,3.55,71.9,71.2,9,6.37,Poor,1
53,6.27,73.1,82.1,4,5.05,Average,1
41,5.44,75.0,75.2,2,8.54,Average,1
37,6.22,73.5,37.1,4,8.07,Good,1
37,3.58,89.0,57.8,9,9.66,Average,1
27,1.84,57.2,69.8,4,5.47,Good,1
21,0.73,88.3,65.5,6,8.6,Good,1
41,2.93,73.4,74.2,9,7.08,Poor,1
56,4.45,82.5,78.3,2,7.89,Average,1
20,4.83,64.5,75.9,8,5.19,Good,1
54,9.96,93.9,65.2,4,8.61,Average,1
53,8.04,92.9,44.0,8,7.87,Good,1
29,3.29,89.5,62.1,3,6.96,Good,1
45,6.3,59.8,73.4,3,7.71,Good,1
25,4.56,87.9,53.8,9,6.16,Good,1
50,4.85,82.9,76.2,9,6.36,Good,1
48,5.93,58.7,79.8,10,6.49,Good,1
33,6.92,77.7,69.6,8,4.96,Good,1
20,4.72,82.4,30.0,6,7.95,Good,1
59,7.95,84.7,51.4,3,8.31,Poor,1
37,2.87,80.1,92.5,4,6.23,Average,1
56,5.51,81.5,60.9,7,7.38,Average,1
47,11.47,95.7,42.2,5,6.71,Good,1
51,6.01,92.7,84.1,6,7.36,Average,1
50,8.8,45.0,68.2,3,6.31,Average,1
26,5.71,74.2,82.4,5,6.03,Good,1
33,6.84,76.0,71.6,4,8.16,Good,1
38,5.37,57.0,74.0,3,6.93,Good,1
39,5.11,79.1,72.7,3,9.22,Good,1
19,3.71,93.0,77.1,6,7.05,Good,1
41,6.49,65.0,97.6,5,5.98,Good,1
24,3.54,82.0,80.6,2,8.35,Good,1
49,7.03,67.0,47.5,6,7.69,Average,1
47,8.0,69.9,73.8,3,7.8,Good,1
57,6.34,95.7,82.8,2,8.31,Good,1
50,4.84,71.5,83.6,3,6.28,Average,1
33,6.54,83.5,62.5,6,6.86,Good,1
59,4.79,55.5,83.1,10,6.81,Good,1
35,7.65,100.0,80.1,4,5.58,Good,1
32,1.29,85.2,100.0,4,6.71,Good,1
56,4.73,75.8,58.2,4,8.47,Good,1
33,0.92,84.9,61.4,5,7.26,Good,1
21,2.06,61.1,64.0,8,5.52,Good,1
38,8.64,92.2,61.6,4,5.29,Poor,1
52,7.56,74.1,56.4,7,8.83,Poor,1
26,3.85,75.6,32.1,10,6.9,Good,1
37,2.04,72.1,62.3,10,6.29,Good,1
23,0.5,71.0,72.8,7,6.7,Good,1
47,4.25,86.3,61.6,8,5.37,Average,1
38,11.07,81.1,93.2,10,8.57,Average,1
32,6.5,85.8,68.2,9,6.57,Good,1
27,4.21,77.9,84.8,4,8.5,Good,1
42,6.57,84.2,71.4,3,7.06,Good,1
46,1.91,73.0,78.7,3,8.57,Average,1
58,4.82,100.0,71.6,9,7.28,Average,1
36,5.73,59.2,85.8,7,7.94,Good,1
24,5.3,93.1,68.7,4,7.79,Average,1
53,7.32,94.4,74.4,5,7.69,Good,1
45,6.29,67.8,72.8,4,7.38,Average,1
48,7.04,100.0,64.3,9,6.74,Poor,1
22,3.92,89.9,73.3,7,9.11,Good,1
31,7.56,89.7,97.0,9,6.0,Good,1
51,9.25,78.3,64.5,4,7.0,Average,1
53,3.27,75.4,73.5,6,7.02,Good,1
36,3.46,75.5,84.4,3,7.44,Average,1
52,8.57,82.7,82.8,10,6.53,Good,1
54,5.06,94.8,68.2,6,7.35,Average,1
34,8.73,80.2,37.0,6,6.81,Good,1
56,4.48,67.1,74.7,5,5.26,Good,1
30,8.85,87.9,39.1,4,7.01,Good,1
28,5.8,89.1,87.1,10,5.79,Good,1
47,6.09,85.9,70.2,6,5.09,Good,1
45,9.1,86.9,81.0,8,7.15,Average,1
24,4.67,74.7,56.3,2,7.54,Good,1
53,3.34,66.9,47.8,4,7.58,Good,0
26,4.47,67.6,71.4,9,7.62,Good,1
52,6.54,58.4,67.6,2,4.87,Good,1
18,1.9,80.8,61.6,2,5.5,Average,1
52,6.97,77.0,69.1,9,9.17,Poor,1
51,4.26,72.7,100.0,4,5.85,Good,1
51,8.14,45.0,78.8,4,7.67,Average,1
46,0.5,63.0,81.6,7,6.24,Average,1
38,3.69,91.5,79.0,3,7.09,Poor,1
48,1.62,70.0,87.2,2,6.3,Good,1
29,3.6,82.3,65.5,2,7.62,Good,1
51,6.07,61.3,41.3,2,7.15,Good,1
41,5.09,95.3,65.5,3,6.51,Average,1
37,4.92,76.3,78.6,8,5.84,Average,1
39,5.13,81.5,55.4,4,7.29,Good,1
42,5.97,100.0,65.7,2,5.67,Good,1
19,3.18,96.2,59.0,2,7.47,Average,1
24,7.13,74.3,87.5,6,9.89,Average,1
28,7.02,70.9,77.7,9,8.49,Good,1
22,6.39,74.1,76.5,5,7.79,Average,1
36,6.78,84.1,76.1,2,6.91,Good,1
46,6.18,76.7,67.5,4,4.87,Good,1
46,10.18,73.3,70.6,6,5.55,Good,1
38,5.3,95.6,52.6,3,8.41,Average,1
54,4.79,76.6,39.6,10,6.13,Poor,1
42,3.77,100.0,70.0,8,6.23,Good,1
21,3.13,79.1,72.2,5,6.82,Good,1
50,2.64,99.4,83.7,10,5.83,Good,1
42,3.46,82.3,88.4,4,5.65,Good,1
45,5.34,89.6,88.4,3,6.94,Good,1
42,6.27,69.3,55.0,10,6.02,Good,1
41,5.62,67.8,63.4,10,6.18,Good,1
21,3.74,83.5,74.2,4,6.14,Good,1
42,7.57,89.9,100.0,7,7.57,Good,1
52,7.2,78.5,87.2,3,6.74,Average,1
31,5.13,62.6,82.6,7,6.8,Good,1
43,4.0,61.7,63.0,8,7.66,Average,1
19,6.76,60.9,56.5,8,6.84,Poor,1
32,5.93,56.8,78.3,7,6.69,Average,1
36,2.17,79.3,53.7,8,7.52,Good,1
60,5.34,91.5,64.9,6,7.74,Good,1
27,6.1,77.8,66.5,9,6.84,Average,1
29,3.43,50.9,88.7,3,7.09,Good,1
35,5.94,75.7,63.4,6,6.14,Good,1
60,2.15,76.0,36.3,5,6.05,Good,1
54,8.57,100.0,74.6,6,7.85,Good,1
19,8.37,60.5,58.9,3,7.49,Good,1
28,4.92,73.3,68.6,4,7.5,Average,1
53,6.34,98.5,66.9,10,7.31,Good,1
20,0.5,83.4,64.4,2,7.05,Good,1
54,2.84,84.8,78.3,7,7.77,Average,1
30,4.82,79.4,48.1,7,8.03,Good,1
57,3.03,82.0,61.3,6,8.0,Average,1
30,7.14,87.3,76.9,2,6.89,Good,1
36,10.09,68.3,60.0,2,8.53,Good,1
46,2.79,88.5,47.1,4,7.25,Poor,1
23,3.57,61.5,76.7,2,7.7,Good,1
41,6.04,81.9,82.6,2,7.31,Good,1
39,9.21,80.1,67.4,3,7.27,Poor,1
51,2.69,70.6,42.5,3,6.19,Average,1
60,6.07,77.7,77.2,9,7.77,Average,1
46,9.69,70.5,46.4,7,10.0,Good,1
35,1.7,65.1,72.0,2,6.59,Good,1
35,2.55,73.8,56.5,7,7.08,Average,1
35,4.53,64.8,52.9,3,6.51,Good,1
53,4.3,81.9,62.3,5,6.46,Good,1
31,7.37,64.2,65.6,2,8.7,Average,1
25,6.06,86.5,59.6,2,6.26,Good,1
32,1.42,63.8,75.7,3,6.48,Good,1
18,6.69,71.2,62.2,5,5.25,Good,1
22,4.17,70.5,80.7,6,6.17,Good,1
21,8.43,93.9,71.7,5,5.12,Average,1
51,4.06,82.0,58.9,7,7.69,Average,1
49,4.04,75.5,56.7,8,10.0,Good,1
47,6.74,84.0,46.6,8,6.6,Good,1
37,7.25,52.7,71.8,7,5.17,Good,1
48,6.53,77.5,63.4,6,7.99,Good,1
24,1.62,100.0,37.2,6,6.2,Good,1
56,6.74,79.6,61.0,4,8.43,Poor,1
39,3.12,78.8,56.3,6,6.69,Good,1
58,6.04,84.6,88.5,2,6.31,Good,1
24,2.23,88.7,45.9,10,6.8,Poor,1
39,6.53,54.0,49.3,5,7.83,Good,1
47,3.64,57.8,82.4,8,6.75,Poor,1
39,2.55,80.5,85.6,10,6.45,Good,1
37,7.14,69.4,58.3,6,6.78,Good,1
25,6.06,93.7,59.8,9,5.6,Poor,1
34,4.09,74.2,76.0,6,7.44,Good,1
28,8.84,54.8,37.7,3,5.03,Good,1
30,4.49,62.8,43.8,2,6.51,Good,1
47,5.57,45.0,64.4,3,7.84,Average,1
45,6.12,75.2,88.1,10,7.33,Average,1
44,4.07,75.7,62.3,6,7.65,Good,1
33,6.58,72.9,69.3,4,6.93,Average,1
59,4.27,90.9,82.7,6,8.29,Average,1
21,4.55,92.4,95.4,4,8.02,Good,1
32,8.63,76.0,60.5,9,7.49,Good,1
23,3.11,52.4,67.8,10,8.02,Good,1
32,0.5,85.4,91.7,2,7.83,Good,1
59,9.21,84.7,48.2,8,6.52,Good,1
33,11.36,81.7,81.4,5,5.52,Good,1
57,4.57,89.8,54.8,2,7.46,Good,1
39,1.05,64.0,69.3,10,7.6,Good,1
48,4.79,100.0,64.8,2,8.2,Average,1
37,4.84,66.5,55.5,3,5.97,Good,1
29,5.06,87.0,55.2,2,6.0,Poor,1
50,2.94,57.8,71.6,6,7.51,Poor,1
59,6.83,66.8,80.9,7,6.92,Average,1
29,6.71,96.2,66.3,4,4.93,Poor,1
51,2.06,74.9,68.9,2,7.41,Average,1
29,7.11,88.1,75.4,3,4.96,Good,1
48,10.22,80.8,55.4,10,5.96,Average,1
51,5.9,76.7,77.6,9,8.49,Good,1
37,4.72,94.4,78.7,10,9.01,Average,1
49,5.17,75.2,100.0,6,5.66,Good,1
29,6.92,56.6,63.1,6,6.64,Good,1
21,1.52,68.4,62.0,9,7.05,Good,1
22,5.88,84.6,78.0,7,8.96,Poor,1
37,4.6,82.7,78.6,5,6.46,Good,1
56,9.75,59.2,61.0,4,6.48,Good,1
23,5.1,69.3,62.8,6,8.7,Good,1
37,9.34,71.0,75.0,2,6.59,Good,1
48,2.96,73.6,57.2,3,7.79,Average,1
26,6.85,61.5,62.7,8,5.38,Average,1
49,6.23,70.5,69.2,9,6.81,Good,1
31,3.5,69.3,80.9,2,5.17,Good,1
52,5.91,87.3,60.1,2,5.84,Good,1
42,8.29,87.7,44.0,2,7.92,Good,1
41,4.76,76.3,43.1,9,6.95,Average,1
25,1.61,73.3,51.6,4,6.65,Average,1
37,5.46,79.7,50.9,4,6.18,Good,1
54,3.42,68.2,66.0,2,6.76,Average,1
18,4.71,64.2,52.5,10,7.33,Good,1
50,5.31,66.7,58.9,5,8.08,Average,1
39,1.58,70.4,57.9,9,4.11,Good,1
48,1.78,64.0,62.3,8,6.09,Average,1
46,6.61,79.9,85.2,3,7.18,Good,1
36,4.3,86.8,76.6,9,6.89,Poor,1
31,0.5,59.0,68.2,6,7.44,Good,1
44,7.31,78.3,62.0,7,7.29,Good,1
24,6.13,75.4,62.4,3,6.66,Good,1
43,3.86,82.1,72.3,9,6.42,Good,0
22,2.47,77.8,75.6,10,6.73,Good,1
45,7.42,60.6,56.2,5,8.26,Average,1
45,6.3,62.9,68.5,2,6.19,Average,1
21,10.98,78.4,41.6,9,6.93,Good,1
50,6.47,90.3,70.8,9,7.2,Average,1
35,6.39,51.4,77.9,6,8.72,Average,1
51,5.12,82.1,64.4,7,6.67,Good,1
19,7.38,92.3,91.6,4,8.05,Good,1
25,6.94,76.2,56.5,2,8.36,Good,1
39,8.38,84.6,70.8,10,6.93,Good,1
26,4.3,69.6,67.5,6,6.77,Average,1
32,4.5,76.6,66.7,4,6.64,Poor,1
46,4.4,58.5,66.5,8,6.72,Average,1
24,7.32,49.9,69.4,2,7.94,Good,1
47,8.95,89.3,79.0,2,7.25,Average,1
22,4.44,66.2,85.9,4,7.26,Average,1
25,4.52,72.5,68.0,6,5.76,Good,1
43,6.22,61.4,78.6,5,5.94,Average,1
52,4.93,61.1,58.9,3,9.36,Good,1
25,7.69,75.9,78.0,5,6.8,Good,1
30,0.5,69.2,58.1,5,6.15,Good,0
57,3.6,82.5,82.2,6,8.57,Good,1
60,3.7,83.4,96.7,7,7.31,Average,1
42,0.5,81.9,66.4,9,7.64,Good,1
37,3.28,80.9,39.5,9,6.85,Good,1
32,3.4,96.9,60.9,4,6.65,Good,1
44,5.04,65.2,84.0,10,6.81,Good,1
43,8.06,77.3,75.2,6,5.48,Good,1
30,4.94,91.6,71.2,3,6.9,Good,1
18,3.13,93.2,81.1,5,7.33,Average,1
24,5.37,60.9,74.3,8,9.04,Good,1
59,7.91,74.3,83.8,9,7.09,Average,1
35,3.26,94.3,80.0,5,4.43,Good,1
38,3.41,84.1,87.8,3,6.9,Average,1
38,6.78,80.3,72.7,3,10.0,Average,1
51,4.99,75.4,79.8,2,7.95,Good,1
20,6.99,73.4,64.0,8,6.11,Good,1
21,5.47,81.5,60.2,6,7.65,Poor,1
29,7.11,75.0,90.2,6,6.18,Good,1
38,3.12,77.5,70.8,8,5.51,Average,1
46,5.47,78.9,78.5,9,6.62,Good,1
39,5.02,69.9,69.6,9,7.1,Good,1
36,2.7,84.4,60.4,3,4.94,Good,1
58,1.9,100.0,68.1,7,5.74,Average,1
24,7.08,56.7,86.7,9,7.01,Good,1
42,4.69,81.9,75.2,8,6.55,Average,1
41,3.15,68.9,45.8,4,7.43,Average,1
38,5.28,84.9,65.2,5,5.66,Good,1
52,8.09,78.6,91.2,10,7.79,Good,1
29,0.5,87.1,65.2,2,5.7,Good,1
59,2.06,92.1,44.6,6,8.81,Good,1
32,3.38,80.3,92.6,3,5.11,Average,1
41,8.86,91.6,76.9,10,5.8,Good,1
40,6.15,49.9,67.1,2,7.46,Good,1
54,7.26,97.1,63.2,2,8.83,Average,1
36,2.88,82.5,82.1,4,7.35,Average,1
30,2.93,90.9,61.0,3,7.62,Good,1
18,6.53,63.4,82.9,6,7.02,Average,1
33,5.63,68.0,75.0,4,5.87,Good,1
53,6.76,79.8,71.2,5,6.46,Average,1
18,5.07,77.8,69.9,7,5.67,Good,1
56,6.14,81.4,65.7,7,5.59,Good,1
41,5.86,91.0,81.6,10,7.44,Good,1
24,7.29,56.8,56.8,6,5.76,Average,0
30,7.36,89.7,46.9,7,7.35,Average,1
41,1.77,78.1,76.0,8,5.57,Good,1
31,0.5,75.6,76.2,3,7.33,Average,1
22,7.8,60.3,74.2,8,6.46,Average,1
46,8.23,84.0,73.3,9,8.55,Good,1
46,3.15,49.0,63.8,4,7.36,Average,1
23,1.22,85.8,78.2,3,8.36,Good,1
30,5.73,60.1,67.4,5,6.17,Poor,1
28,7.64,78.6,61.7,4,7.06,Good,1
46,9.63,76.6,63.9,7,5.92,Good,1
49,6.69,92.0,94.3,9,6.55,Good,1
49,4.65,75.9,45.4,7,6.71,Good,1
58,3.45,69.7,74.5,3,6.2,Average,1
51,5.53,71.9,46.2,4,5.66,Good,1
31,4.81,93.3,66.6,8,5.45,Good,1
22,3.17,84.4,62.4,4,4.43,Good,1
44,10.21,73.4,40.9,7,5.84,Average,1
57,9.61,75.2,73.1,8,7.69,Average,1
59,8.11,59.2,63.1,4,5.24,Good,1
27,3.38,82.7,40.7,7,5.5,Good,1
28,7.47,56.9,78.9,5,8.97,Good,1
19,6.97,87.0,86.7,3,6.3,Average,1
24,6.52,79.5,87.4,5,7.35,Average,1
41,8.37,100.0,72.7,5,7.71,Average,1
41,6.96,64.8,68.6,2,7.73,Average,1
33,7.2,76.8,85.3,10,5.33,Good,1
31,6.96,99.6,89.9,6,6.75,Average,1
53,6.28,92.3,82.7,2,5.22,Good,1
37,1.4,69.6,55.8,9,9.69,Good,1
52,5.69,80.7,70.6,9,5.25,Good,1
59,4.22,78.0,73.7,2,5.85,Good,1
31,2.56,81.4,44.5,3,5.86,Poor,1
26,9.37,69.6,74.1,5,5.35,Good,1
58,9.48,76.9,97.5,6,8.49,Average,1
45,8.63,58.8,76.3,8,9.66,Average,1
30,6.09,79.6,87.2,5,6.48,Average,1
44,8.61,83.4,70.4,7,5.55,Poor,1
40,5.53,75.3,67.0,2,4.54,Good,1
56,5.97,58.6,73.0,7,6.73,Good,1
29,2.99,89.9,57.4,10,6.65,Good,1
60,6.41,82.4,55.5,6,6.28,Good,1
58,5.64,69.3,84.5,6,7.24,Average,1
25,2.5,74.6,85.8,4,7.43,Good,1
25,5.38,60.0,55.1,10,7.36,Good,1
40,5.32,65.7,80.6,2,6.65,Good,1
19,9.63,71.5,66.9,4,5.79,Good,1
30,7.56,92.7,72.4,3,7.73,Average,1
36,5.53,70.3,74.0,9,7.01,Good,1
59,6.07,85.7,80.9,6,7.98,Average,1
60,5.6,71.5,69.1,10,7.87,Average,1
24,5.03,81.0,86.3,7,5.44,Average,1
56,3.01,76.3,72.0,7,5.42,Good,1
21,5.15,88.5,76.1,6,6.17,Average,1
50,3.78,71.6,57.2,3,5.84,Good,1
54,2.62,59.1,96.1,7,7.83,Good,1
56,6.68,61.4,74.1,8,7.39,Average,1
27,6.4,71.6,77.3,10,8.21,Average,1
56,1.39,63.0,47.1,6,7.44,Good,1
22,5.22,82.9,57.3,10,7.23,Average,1
40,7.79,72.4,84.1,10,8.32,Good,1
38,7.94,100.0,71.7,6,7.52,Average,1
31,7.86,57.1,43.1,5,7.07,Poor,1
18,5.59,80.4,81.5,3,8.63,Good,1
51,3.56,64.5,60.9,4,7.13,Average,1
32,3.01,72.1,86.3,9,6.67,Average,1
46,6.29,79.7,66.9,3,6.08,Average,1
35,6.37,50.1,70.7,5,7.77,Average,1
34,8.46,80.8,83.3,8,8.36,Average,1
56,8.03,100.0,56.3,4,6.94,Good,1
22,5.2,72.6,55.1,10,8.44,Average,1
49,2.64,81.1,65.4,7,4.83,Good,1
50,4.77,90.3,78.8,2,6.94,Poor,1
34,6.0,76.0,50.7,4,6.96,Good,1
29,5.04,71.0,46.3,8,6.2,Good,1
18,4.17,50.7,78.7,9,9.62,Average,1
58,6.08,85.7,60.2,10,6.93,Good,1
58,4.34,76.6,62.9,9,6.55,Good,1
28,4.06,65.8,43.9,2,7.03,Average,1
19,6.22,79.5,59.2,8,4.8,Good,1
23,4.58,71.0,67.9,2,6.16,Good,1
20,6.06,71.7,80.1,2,8.08,Good,1
53,6.13,85.3,58.0,8,6.31,Good,1
56,2.88,61.9,89.5,6,6.09,Good,1
24,4.39,90.6,59.1,7,8.44,Good,1
50,8.81,61.2,59.1,9,8.47,Good,1
25,2.83,70.0,88.0,2,7.57,Good,1
33,0.63,100.0,70.7,6,6.5,Good,1
43,1.22,91.5,60.8,9,6.74,Average,1
48,5.57,79.2,66.0,5,6.12,Average,1
55,5.57,66.7,85.6,6,5.91,Good,1
19,5.23,71.6,87.1,6,5.85,Good,1
26,8.29,78.9,57.4,10,6.32,Average,1
30,0.5,78.5,67.4,2,5.86,Average,1
31,6.41,76.9,69.2,9,5.28,Good,1
60,9.09,77.6,55.2,9,7.24,Good,1
51,2.91,75.4,67.3,9,7.26,Good,1
31,4.63,60.7,68.1,5,8.87,Average,1
59,3.77,71.8,82.8,6,6.26,Poor,1
39,3.44,89.0,83.7,5,7.33,Poor,1
39,4.75,61.6,63.7,4,7.34,Good,1
36,8.78,75.7,65.2,9,6.72,Good,1
24,9.73,68.2,76.6,6,7.82,Good,1
58,4.73,79.3,60.4,8,7.85,Good,1
18,9.88,73.3,75.7,2,7.36,Good,1
25,5.58,95.7,66.9,9,6.72,Average,1
27,9.53,84.1,55.4,7,6.61,Good,1
30,5.29,62.3,55.6,10,5.5,Poor,1
23,5.8,86.1,86.8,3,6.11,Good,1
18,6.34,68.7,66.0,6,6.32,Good,1
47,12.0,71.1,89.3,6,5.76,Average,1
59,7.46,81.8,61.3,6,7.48,Average,1
23,3.87,72.1,71.8,2,8.32,Good,1
30,7.73,88.7,99.1,6,6.0,Average,1
39,4.67,68.7,54.3,4,7.31,Good,1
57,4.37,70.6,43.3,7,5.86,Good,1
47,7.59,70.1,84.7,4,6.66,Good,1
50,5.57,71.2,57.3,5,6.24,Good,1
42,6.14,91.2,67.7,7,7.66,Average,1
35,5.53,85.5,60.4,2,6.25,Good,1
26,6.27,98.5,71.5,9,8.11,Average,1
55,6.48,100.0,55.6,8,6.73,Average,1
52,1.04,65.6,65.7,2,6.29,Good,1
19,7.03,78.8,73.8,2,5.62,Good,1
48,3.24,63.9,54.9,9,7.28,Good,1
21,2.18,68.7,58.9,4,7.98,Average,1
49,5.37,70.4,63.5,9,7.3,Average,1
53,5.69,65.3,49.4,6,9.46,Average,1
23,3.9,65.4,62.5,5,8.57,Good,1
36,7.41,76.3,69.5,4,6.66,Good,1
23,2.41,63.4,62.8,7,6.65,Good,1
42,4.56,88.1,64.5,2,7.52,Good,1
57,4.15,67.0,67.7,5,6.08,Average,1
21,5.39,100.0,59.5,5,8.28,Good,1
35,6.14,72.6,77.0,3,7.4,Good,1
59,3.18,78.9,86.7,5,7.28,Good,1
30,7.17,62.5,62.0,6,7.76,Good,1
23,5.64,98.5,74.3,8,8.9,Average,1
39,1.15,91.4,64.9,2,7.19,Good,1
39,1.0,81.6,72.8,9,6.88,Poor,1
46,5.47,61.8,88.4,9,8.66,Average,1
31,4.99,80.5,74.6,8,8.06,Average,1
59,5.26,64.5,44.9,10,6.65,Average,1
40,5.44,95.5,73.9,5,7.01,Average,1
30,6.02,87.7,84.0,9,7.21,Average,1
59,7.68,79.1,65.1,8,7.4,Good,1
57,2.94,48.8,80.9,7,5.51,Good,1
39,2.8,66.2,59.0,3,5.3,Average,1
19,2.99,86.3,48.7,7,6.02,Good,1
43,6.16,92.6,69.8,10,5.94,Good,1
41,8.36,91.3,45.2,10,6.29,Average,1
24,4.51,58.9,64.9,6,7.7,Good,1
45,0.5,81.6,84.7,4,6.81,Good,1
54,1.58,90.2,43.2,8,7.22,Average,1
22,3.58,58.1,51.4,2,5.65,Good,1
49,4.22,77.9,54.6,3,6.49,Average,1
24,4.56,81.3,67.2,7,7.65,Good,1
50,5.59,74.4,63.2,10,7.65,Average,1
36,4.78,55.8,86.2,4,6.2,Average,1
18,7.91,74.1,80.4,5,7.18,Good,1
59,3.95,74.1,74.4,4,9.42,Good,1
25,3.52,76.2,69.9,5,6.98,Good,1
43,6.6,71.2,73.1,2,6.24,Good,1
25,1.97,72.7,56.8,7,6.81,Good,1
58,6.4,77.5,79.1,7,7.1,Poor,1
49,5.74,83.3,53.5,4,6.83,Good,1
52,5.16,74.3,78.9,4,6.97,Average,1
36,9.15,73.1,83.4,8,5.41,Good,1
38,4.07,79.1,70.7,3,5.94,Poor,1
45,10.24,54.9,65.7,2,6.84,Good,1
51,4.98,83.7,73.2,2,6.82,Good,1
54,2.56,78.0,30.8,9,6.38,Average,1
18,5.66,78.5,71.9,5,6.81,Good,1
46,3.02,89.5,66.5,2,7.07,Average,1
22,3.77,54.6,67.3,9,7.98,Good,1
30,6.41,54.3,77.2,3,6.89,Good,1
53,6.78,81.3,67.0,5,7.44,Good,1
28,4.07,77.9,53.2,2,6.4,Average,1
52,7.77,80.0,66.2,8,7.63,Good,1
37,8.16,72.5,68.9,8,7.41,Good,1
28,8.8,86.0,69.5,8,7.95,Good,1
32,6.72,89.2,70.1,4,7.78,Good,1
40,8.64,83.8,81.5,4,7.65,Good,1
50,1.17,74.9,53.9,10,6.89,Poor,1
44,4.77,52.7,70.3,9,7.27,Good,1
58,3.51,87.2,84.8,2,8.17,Average,1
55,5.77,92.7,45.5,8,6.28,Good,1
50,4.19,85.7,70.3,9,6.31,Good,1
43,5.12,67.4,60.4,7,7.2,Good,1
30,9.83,86.1,63.2,7,7.46,Good,1
35,5.11,88.3,56.2,2,6.09,Good,1
23,6.45,96.7,65.8,2,6.92,Good,1
34,4.97,67.5,91.9,2,6.9,Good,0
57,5.67,75.3,51.6,3,4.56,Poor,0
36,5.51,87.0,52.8,10,6.76,Good,1
22,6.53,78.7,51.1,7,6.83,Good,1
46,8.18,64.6,90.5,9,6.82,Good,1
59,9.29,83.0,62.0,4,8.56,Good,1
55,6.21,84.9,67.7,10,5.66,Average,1
29,6.86,79.1,62.8,3,6.09,Good,1
37,2.85,80.6,55.7,10,4.13,Average,1
40,5.3,74.9,64.9,2,6.47,Good,1
28,7.66,95.7,100.0,2,6.56,Good,1
29,7.49,67.2,86.1,2,6.44,Poor,1
28,5.99,71.0,56.9,9,8.22,Good,1
60,7.54,78.1,76.4,4,7.95,Average,1
50,6.63,88.5,57.2,6,7.09,Good,1
54,8.26,60.0,44.9,6,6.59,Poor,1
53,6.17,62.3,81.3,9,8.13,Good,1
59,4.68,53.5,83.1,5,6.98,Good,1
22,6.27,78.4,81.6,2,6.1,Average,1
55,0.5,64.6,61.9,5,5.11,Good,0
20,6.38,73.4,65.8,4,6.51,Good,1
38,0.5,85.9,77.7,8,7.83,Poor,1
43,1.54,70.3,73.1,8,9.5,Average,1
33,6.54,80.8,62.9,2,7.07,Average,1
24,6.6,74.4,47.0,9,6.16,Average,1
26,2.83,86.1,69.5,2,5.7,Average,1
53,3.86,83.7,82.0,7,7.61,Average,1
31,8.65,69.7,52.4,5,5.06,Average,1
31,4.39,76.0,76.3,4,7.61,Good,1
57,10.66,90.5,72.3,6,7.9,Good,1
24,5.5,82.7,77.8,4,7.48,Average,1
57,6.44,61.2,79.3,9,6.76,Average,1
57,9.22,85.9,59.0,10,7.62,Good,1
43,5.8,65.0,47.0,9,7.19,Good,1
25,3.19,95.0,61.1,5,6.14,Good,1
24,5.25,90.3,79.6,6,9.04,Good,1
30,5.42,81.5,61.0,6,6.61,Average,1
42,2.36,79.9,59.0,9,7.85,Good,1
24,4.91,75.5,44.3,6,4.34,Average,1
37,3.79,86.1,90.8,6,8.4,Average,1
22,7.63,73.6,78.7,5,8.62,Poor,1
41,5.58,80.8,78.0,5,7.03,Good,1
18,4.85,88.5,80.6,6,7.61,Poor,1
48,5.26,71.3,75.5,8,7.61,Average,1
20,6.01,70.6,64.8,5,6.29,Average,1
26,6.92,63.7,65.9,9,7.6,Good,1
25,3.2,65.2,62.4,9,6.11,Good,1
53,3.1,56.1,100.0,5,6.33,Average,1
20,8.04,86.8,75.2,10,8.24,Good,1
36,4.55,99.7,62.0,3,8.07,Good,1
43,2.24,95.1,74.1,10,6.22,Average,1
40,6.52,58.5,54.9,4,6.19,Average,1
47,6.57,86.7,87.6,7,6.29,Good,1
52,1.98,95.1,59.4,4,7.81,Good,1
34,6.03,72.5,74.5,5,5.9,Good,1
53,7.19,79.2,81.9,5,7.39,Poor,1
31,6.36,53.9,73.0,8,7.82,Poor,1
60,6.95,81.2,69.2,2,6.9,Good,1
39,2.27,65.2,68.1,9,8.11,Good,1
49,6.26,80.4,67.3,10,6.67,Good,1
55,4.8,59.3,60.5,7,6.76,Good,1
52,4.39,84.5,62.2,6,5.93,Average,0
54,7.5,90.3,87.2,8,8.12,Good,1
41,8.9,68.6,66.6,3,6.16,Good,1
19,9.63,64.4,57.8,8,7.38,Good,1
39,8.52,52.1,61.3,3,6.92,Good,1
25,5.25,74.8,82.3,8,5.84,Average,1
56,6.31,71.0,76.8,4,6.33,Average,1
28,7.26,59.4,75.3,8,8.52,Average,1
27,5.78,83.4,64.7,9,7.22,Good,1
28,5.8,72.6,75.5,3,5.89,Poor,0
45,7.39,65.1,59.6,7,7.34,Good,1
42,5.36,71.3,64.6,6,6.84,Average,1
58,3.82,90.9,80.6,4,10.0,Average,1
35,4.55,85.2,79.4,7,7.31,Good,1
30,6.96,76.4,55.2,10,6.58,Average,1
20,5.51,85.4,56.9,2,8.56,Good,1
18,6.28,64.1,69.4,10,4.97,Average,1
34,7.04,78.4,90.4,9,7.1,Good,1
57,4.64,79.8,43.1,6,9.19,Good,1
40,7.24,72.4,71.6,7,6.87,Good,1
56,6.37,83.2,50.1,5,5.09,Good,1
22,2.66,68.6,59.8,3,6.56,Good,1
22,8.82,84.1,63.3,7,8.6,Good,1
53,4.35,84.6,62.5,9,7.41,Average,1
22,1.69,45.0,61.1,4,6.08,Good,0
20,3.1,92.3,68.1,8,6.25,Good,1
35,3.15,45.0,61.0,8,6.38,Poor,1
57,5.62,70.6,49.0,8,7.4,Poor,1
47,4.87,90.3,78.1,5,8.47,Good,1
22,4.73,74.2,77.8,5,8.16,Good,1
53,6.93,60.4,79.0,5,7.5,Average,1
54,6.28,64.9,48.0,9,5.54,Average,1
52,6.23,90.3,71.9,10,5.54,Good,1
56,6.44,54.9,76.8,5,7.59,Average,1
28,6.92,91.5,54.6,10,5.52,Good,1
60,0.65,77.3,68.1,7,6.75,Good,1
31,4.66,63.7,66.5,5,7.33,Average,1
52,0.5,71.0,91.9,2,5.75,Average,1
42,5.58,65.8,93.0,7,5.87,Average,1
51,5.49,88.4,46.4,7,6.9,Good,1
44,7.9,86.8,100.0,10,7.55,Good,1
45,8.23,57.4,56.1,8,8.17,Good,1
44,5.97,73.2,80.7,2,7.67,Good,1
51,4.35,67.6,80.6,7,7.08,Good,1
49,6.62,93.5,55.1,8,6.18,Good,1
23,4.29,61.8,74.4,6,5.82,Good,1
53,5.5,97.3,66.6,5,6.44,Average,1
41,7.77,77.6,75.2,9,7.45,Good,1
31,4.22,64.1,71.0,7,7.37,Good,1
40,7.35,69.9,83.6,8,4.69,Average,1
59,7.06,68.4,69.0,6,6.14,Good,1
54,3.3,62.7,65.8,4,8.32,Average,1
53,7.74,79.1,82.2,6,7.09,Good,1
37,7.11,63.3,75.5,10,5.44,Good,1
51,5.73,51.8,77.5,7,9.59,Average,1
34,3.75,73.4,59.4,8,6.97,Average,1
47,3.52,56.4,54.4,3,7.42,Average,1
45,4.26,69.0,60.6,10,7.44,Average,1
28,6.75,67.1,59.9,4,6.6,Good,1
29,3.3,67.5,78.2,10,6.2,Average,1
20,6.51,100.0,80.7,6,9.33,Average,1
24,2.64,78.7,66.0,10,8.1,Poor,1
36,5.03,80.9,86.6,10,7.9,Good,1
38,5.75,56.7,85.8,8,7.63,Good,1
25,11.12,70.2,71.2,10,5.9,Average,1
35,2.33,80.6,57.3,7,8.41,Good,1
43,8.89,65.7,88.5,9,6.07,Good,1
28,5.84,88.9,67.2,3,7.31,Good,1
32,6.45,63.6,69.6,2,5.2,Good,1
33,5.77,74.6,63.6,6,4.76,Good,1
39,6.52,71.0,56.4,9,7.35,Good,1
33,5.15,80.0,48.9,8,6.11,Good,1
49,8.84,70.3,76.2,6,4.81,Good,1
32,4.45,74.7,57.8,6,7.59,Poor,1
36,8.1,75.2,100.0,7,9.33,Good,1
34,4.02,69.2,53.9,9,8.53,Good,1
25,5.36,83.8,51.7,9,6.72,Good,1
47,3.03,80.9,74.6,2,7.01,Good,1
28,6.55,76.9,87.9,7,7.98,Poor,1
30,8.82,72.8,68.8,5,8.23,Poor,1
52,5.32,87.6,75.4,9,6.62,Good,1
58,5.05,75.2,44.0,6,7.04,Good,1
46,2.94,74.3,59.2,10,7.33,Good,1
57,4.97,79.3,54.0,5,7.61,Good,1
54,1.84,98.4,43.4,8,6.85,Good,1
38,3.4,61.9,69.5,2,6.87,Good,1
51,6.02,87.2,38.8,10,8.52,Good,1
32,8.53,55.3,50.8,3,8.33,Average,1
37,11.96,80.6,61.0,5,7.53,Good,1
41,4.15,96.9,57.2,9,8.89,Good,1
59,8.8,83.9,73.2,10,6.57,Good,1
54,6.06,80.0,72.0,6,8.79,Good,1
39,5.15,71.3,79.6,6,7.6,Good,1
46,6.49,78.4,77.8,2,10.0,Good,1
26,5.64,75.0,82.8,10,5.69,Good,1
52,5.75,68.6,68.0,2,6.24,Good,1
41,4.56,74.5,71.9,2,7.46,Average,1
40,2.28,80.4,74.6,6,7.44,Poor,1
50,1.95,68.8,69.8,2,9.15,Good,1
45,7.0,68.3,62.8,3,6.26,Good,1
21,4.86,61.7,63.7,7,8.0,Average,1
30,4.13,82.7,57.4,8,8.28,Average,1
25,5.52,84.5,73.5,4,7.78,Good,1
49,7.33,80.8,66.8,9,5.94,Good,1
19,5.91,89.6,59.4,7,8.55,Good,1
26,3.99,79.1,59.4,4,8.35,Average,1
43,8.32,82.7,52.3,8,7.66,Good,1
47,9.13,81.6,80.7,7,7.22,Good,1
39,6.64,76.9,69.0,9,7.25,Good,1
55,7.74,71.6,56.8,3,6.91,Good,1
57,8.36,100.0,78.5,4,7.7,Good,1
23,8.1,72.6,60.7,4,7.03,Average,1
58,6.91,70.0,49.7,5,6.07,Good,1
44,6.88,83.2,81.3,9,5.85,Good,1
45,6.7,81.0,61.0,8,6.17,Good,1
22,2.98,61.1,62.7,6,7.24,Average,1
44,7.11,91.5,68.5,6,6.97,Good,1
49,2.38,76.9,82.9,9,7.24,Good,1
42,3.67,64.7,68.3,6,7.55,Good,1
21,8.5,92.3,52.4,4,6.31,Average,1
40,7.43,85.5,75.1,3,8.61,Average,1
58,8.92,62.8,61.7,4,6.71,Average,1
49,4.88,99.3,92.5,7,6.52,Average,1
23,2.85,85.9,68.0,6,7.53,Good,1
59,4.95,77.9,38.9,5,4.98,Good,1
59,5.73,97.1,72.6,6,6.13,Good,1
25,5.68,79.9,93.3,10,8.08,Average,1
52,8.11,77.7,88.5,10,5.09,Average,1
35,4.67,70.1,91.8,3,8.23,Good,1
43,6.31,85.0,54.7,3,8.66,Average,1
37,3.23,83.7,79.9,4,6.59,Good,1
51,6.54,78.2,58.6,9,7.32,Good,1
60,5.51,68.5,70.9,6,8.23,Good,1
52,3.78,79.6,51.5,9,6.49,Average,1
58,4.96,77.2,59.6,7,7.95,Poor,1
58,5.08,62.0,59.2,6,6.26,Good,1
21,4.88,60.3,79.7,4,6.47,Poor,0
28,9.57,84.8,78.4,5,6.12,Average,1
49,5.27,46.8,71.6,3,7.38,Average,1
43,4.94,80.5,50.4,6,8.27,Average,1
20,0.68,72.3,63.9,4,6.8,Good,1
22,3.44,93.7,58.3,4,5.6,Average,0
40,4.89,72.1,79.3,2,5.81,Average,1
44,3.92,85.9,83.3,9,7.43,Average,1
25,8.68,73.2,81.7,10,9.03,Good,1
25,5.12,79.4,58.2,6,7.43,Average,1
23,8.46,86.8,32.4,6,6.57,Poor,1
42,5.64,72.4,45.0,10,7.84,Good,1
18,5.59,90.0,86.5,6,6.74,Poor,1
42,5.3,66.1,62.8,7,6.58,Good,1
38,5.51,81.5,58.2,5,5.95,Good,1
38,9.45,89.1,89.4,6,8.55,Good,1
47,0.5,85.9,84.4,6,4.21,Average,1
40,0.9,100.0,68.3,8,7.88,Average,1
49,4.25,68.8,64.2,7,6.49,Good,1
50,5.53,61.5,66.3,6,6.55,Average,1
57,7.09,66.1,71.0,2,8.86,Good,1
52,6.59,85.9,88.8,10,6.21,Good,1
40,4.62,84.0,73.5,9,6.25,Average,1
39,7.84,79.2,77.4,3,6.86,Average,1
28,7.87,64.5,83.2,4,7.46,Average,1
43,5.92,87.2,52.8,10,6.51,Average,1
23,7.71,63.3,77.8,4,5.27,Poor,1
58,6.13,91.9,64.2,9,6.05,Good,1
54,4.21,100.0,35.3,9,8.41,Good,1
23,7.1,82.4,40.3,9,7.08,Good,1
51,5.75,85.0,54.8,2,7.5,Average,1
23,5.5,72.1,74.9,6,6.71,Average,1
49,8.89,56.3,69.5,7,6.27,Average,1
21,0.5,70.8,70.4,9,8.85,Good,1
38,2.24,64.9,93.4,4,6.79,Good,1
46,2.77,60.6,51.5,4,6.51,Average,1
49,4.66,98.7,67.6,3,8.21,Poor,1
36,4.91,81.3,72.0,8,6.21,Good,1
57,2.03,82.6,58.4,10,6.35,Good,1
51,3.23,74.3,68.4,3,7.01,Good,1
26,3.52,75.9,47.2,4,7.0,Good,1
46,11.15,89.6,86.3,4,7.29,Good,1
49,9.64,77.6,59.1,10,9.3,Good,1
32,4.55,84.4,94.4,6,7.37,Average,1
49,4.66,75.6,67.6,4,4.38,Good,1
56,2.86,73.9,81.4,4,7.36,Good,1
53,1.11,61.1,67.3,7,7.04,Good,1
50,5.23,54.3,67.6,5,7.05,Poor,1
45,3.2,74.9,60.4,3,7.27,Good,1
29,5.3,78.7,69.5,9,6.97,Good,1
52,1.82,62.6,72.1,5,6.94,Good,1
33,3.75,77.6,57.8,4,7.67,Average,1
40,5.84,78.6,66.4,8,6.4,Average,1
31,6.34,52.1,60.1,8,5.96,Good,1
31,6.46,67.0,97.9,3,10.0,Good,1
24,2.46,82.9,66.8,2,6.21,Good,1
59,7.47,82.6,88.1,2,7.11,Average,1
24,3.66,64.2,65.5,8,5.35,Poor,1
21,6.96,79.9,71.4,7,7.13,Good,1
58,5.48,90.3,50.8,9,5.97,Good,1
41,2.33,87.3,62.2,7,6.51,Average,1
36,4.77,76.9,70.7,5,8.15,Average,1
49,6.34,72.4,88.6,7,7.52,Good,1
34,6.91,70.4,70.9,8,7.63,Good,1
23,5.18,83.6,86.0,5,5.05,Good,1
49,9.02,80.3,76.3,10,9.02,Average,1
25,7.82,85.6,89.2,10,5.69,Average,1
41,4.91,79.6,67.2,9,8.68,Average,1
58,7.23,87.8,99.1,10,8.12,Average,1
58,9.95,79.1,61.7,5,7.64,Good,1
33,10.01,87.4,58.0,3,6.06,Good,1
51,2.68,88.4,52.3,6,7.17,Good,1
44,3.37,68.3,98.3,8,6.48,Average,1
38,8.92,56.3,78.7,9,7.03,Average,1
24,3.07,96.5,63.7,5,6.73,Good,1
34,2.46,81.1,84.2,4,4.76,Good,1
46,4.38,57.4,76.9,6,8.23,Average,1
60,6.47,69.4,93.6,9,6.91,Average,1
18,5.26,87.3,47.9,2,6.47,Average,1
48,4.0,74.6,64.6,4,6.38,Good,1
54,3.95,71.9,62.0,4,7.39,Poor,1
58,3.86,94.8,42.3,9,6.02,Average,1
36,3.48,65.4,81.8,6,4.52,Average,1
23,10.75,68.4,64.5,2,7.45,Average,1
29,6.18,80.5,77.6,4,7.57,Poor,1
54,7.54,82.7,98.7,2,6.78,Poor,1
55,4.38,84.0,63.4,6,5.74,Average,1
45,5.07,88.9,62.5,10,7.1,Good,1
23,3.86,80.4,69.5,7,5.39,Good,1
23,0.5,83.9,80.8,9,5.87,Average,1
38,2.33,74.9,60.6,8,6.17,Average,1
43,1.34,78.8,59.8,9,7.93,Good,1
19,0.5,79.3,81.7,4,6.6,Good,1
47,2.75,80.6,72.9,10,6.51,Poor,1
41,8.55,87.3,41.4,4,9.15,Average,1
18,5.4,84.7,52.1,5,7.39,Poor,1
22,8.47,78.5,87.5,8,7.37,Good,1
37,6.45,68.3,73.2,4,6.59,Average,1
49,7.3,78.8,58.1,4,6.34,Average,1
53,3.43,77.7,65.8,3,4.59,Good,1
36,6.71,80.3,68.2,2,8.07,Good,1
30,7.18,100.0,77.6,6,7.49,Poor,1
59,4.17,71.7,50.3,10,6.8,Good,1
37,6.79,83.1,57.1,3,6.85,Average,1
31,6.8,90.8,71.5,5,7.81,Average,1
37,4.24,79.2,66.7,10,5.29,Average,1
18,2.92,100.0,75.4,8,6.35,Good,1
30,2.78,73.5,52.0,2,5.75,Average,1
40,5.7,81.9,72.6,6,8.95,Good,1
57,6.25,68.4,82.2,3,7.96,Average,1
49,3.68,73.8,74.3,4,4.58,Good,1
51,5.56,81.0,69.8,4,5.33,Average,1
41,6.81,88.2,66.8,7,6.85,Average,1
22,6.92,81.8,57.1,3,6.48,Good,1
34,9.07,93.1,67.1,4,5.54,Good,1
60,8.44,76.9,84.4,4,9.14,Average,1
19,3.2,74.0,66.5,5,7.34,Good,1
55,9.37,100.0,56.4,7,7.52,Good,1
47,4.28,82.7,61.6,5,6.24,Good,1
30,7.9,69.4,70.6,4,7.79,Poor,1
51,5.66,69.7,63.1,6,6.58,Average,1
53,4.55,66.7,74.3,7,6.69,Good,1
19,1.34,89.2,74.8,2,7.67,Poor,0
22,5.11,73.6,79.6,10,5.21,Good,1
46,1.91,79.5,86.5,10,8.76,Good,1
60,7.72,77.2,80.9,7,7.2,Good,1
19,8.99,86.8,55.9,7,8.41,Good,1
46,3.67,67.8,56.3,8,5.82,Good,1
23,6.19,65.1,67.0,5,5.98,Average,1
45,3.83,80.7,62.1,5,5.72,Good,1
44,4.05,85.2,53.2,5,7.28,Average,1
21,7.28,82.0,62.3,3,7.07,Good,1
47,5.41,68.3,61.8,9,6.49,Good,1
56,9.5,86.1,59.3,4,5.88,Good,1
55,4.39,69.1,63.9,4,5.61,Average,1
19,7.8,71.7,83.3,10,6.95,Average,1
28,5.72,66.7,70.6,6,6.49,Good,1
28,7.33,93.6,100.0,7,6.25,Good,1
37,4.47,85.6,70.2,4,8.7,Good,1
24,5.39,85.3,64.2,4,6.91,Average,1
54,5.23,93.0,68.1,8,8.4,Good,1
51,3.58,100.0,71.3,6,6.41,Average,1
52,7.02,57.5,73.7,3,7.27,Good,1
26,7.0,69.1,95.0,9,6.94,Good,1
18,6.87,70.6,57.0,5,5.13,Average,1
57,9.04,67.8,79.2,8,8.57,Good,1
30,8.83,65.1,70.7,5,6.85,Good,1
46,4.64,74.4,47.6,7,7.82,Poor,1
57,6.36,63.4,78.0,8,6.17,Good,1
19,4.07,82.0,84.5,9,6.82,Good,1
18,5.55,78.6,56.9,3,6.05,Good,1
18,4.12,83.8,67.9,8,8.36,Good,1
24,9.23,84.1,45.6,10,7.34,Average,1
20,6.34,85.2,51.6,7,7.4,Good,1
53,5.0,73.5,81.6,3,8.49,Poor,1
44,8.25,100.0,61.9,3,8.27,Average,1
60,0.51,80.8,53.6,3,7.84,Poor,1
52,0.87,55.7,71.0,2,5.44,Average,1
59,7.33,66.0,61.2,8,6.23,Poor,1
28,5.64,57.1,61.9,10,5.9,Average,1
30,6.08,78.2,77.6,6,7.8,Good,1
54,2.45,76.5,52.9,7,7.19,Good,1
28,5.45,72.4,56.2,8,5.47,Average,1
20,10.11,100.0,70.0,5,6.79,Good,1
46,7.4,84.6,80.6,6,5.36,Average,1
52,5.89,86.7,84.1,7,6.94,Good,1
59,4.49,66.8,59.4,4,5.18,Average,1
57,4.59,66.0,80.2,2,7.58,Good,1
23,0.6,78.4,57.8,7,7.42,Poor,1
51,6.09,80.1,91.7,9,9.1,Good,1
54,7.44,55.7,53.3,2,7.93,Good,1
48,1.88,75.8,85.3,3,6.53,Average,1
53,3.98,78.2,59.5,4,7.9,Average,1
54,2.84,75.4,94.2,9,5.46,Average,1
37,3.28,68.2,75.7,6,5.94,Poor,1
19,5.62,71.5,54.8,6,7.37,Good,1
37,0.71,75.9,61.2,7,4.63,Average,0
26,6.91,79.1,78.2,4,6.96,Good,1
22,7.23,85.3,81.7,8,5.88,Good,1
23,4.92,91.0,67.1,2,7.11,Good,1
47,0.5,74.5,68.6,3,5.81,Good,1
39,3.21,72.5,77.9,9,7.47,Average,1
41,8.34,83.3,69.7,7,7.02,Average,1
50,0.5,85.3,51.2,3,8.54,Good,1
41,4.7,72.8,57.4,5,7.01,Poor,1
45,2.79,87.5,71.1,2,6.15,Good,1
21,7.35,89.8,83.8,8,6.73,Good,1
54,3.95,93.5,89.0,8,5.52,Average,1
37,6.43,99.3,78.1,4,7.45,Good,1
24,6.8,67.6,71.7,5,7.65,Good,1
52,9.72,78.2,77.7,4,9.72,Average,1
49,5.03,78.1,59.3,5,6.32,Good,1
20,6.36,76.8,66.0,4,6.71,Good,1
26,2.08,70.2,57.3,4,6.37,Average,1
18,8.24,60.2,51.8,5,7.23,Good,1
29,3.75,79.1,72.3,9,7.42,Average,1
22,4.21,68.8,70.4,8,6.94,Average,1
48,5.45,79.0,76.9,4,8.19,Good,1
40,1.91,68.5,75.1,10,6.32,Good,1
60,6.03,64.8,71.2,3,8.08,Good,1
50,7.73,80.8,75.2,10,7.59,Average,1
44,6.17,79.8,67.4,4,6.99,Good,1
39,1.85,85.0,73.4,6,6.65,Poor,0
20,5.22,100.0,58.6,3,9.67,Good,1
21,7.21,81.3,72.8,8,6.1,Average,1
44,1.18,83.8,76.7,4,7.33,Good,1
